price,competitor_price,discount,rating,stock,views,price_diff,demand
61,47,16,2.0,322,100,-14,0
24,93,17,3.0,180,836,69,1
81,32,44,3.7,422,198,-49,0
70,54,28,2.4,77,780,-16,0
30,61,19,2.3,439,171,31,0
92,89,26,4.4,411,260,-3,0
96,59,17,4.7,74,329,-37,0
84,17,3,4.5,294,587,-67,0
84,94,0,4.7,280,734,10,1
97,10,49,3.7,20,205,-87,0
33,17,0,4.4,393,287,-16,0
12,38,25,3.2,170,425,26,1
31,14,44,4.0,14,131,-17,0
62,95,19,5.0,210,541,33,1
11,56,22,2.7,47,405,45,1
97,43,9,3.2,85,974,-54,0
39,74,10,3.4,148,322,35,0
47,64,40,2.4,187,629,17,1
11,99,40,2.2,371,93,88,1
73,52,4,4.5,491,622,-21,0
69,83,0,4.9,479,172,14,0
30,39,16,3.2,305,398,9,0
42,91,21,2.3,150,757,49,1
85,26,33,2.2,140,379,-59,0
67,35,44,4.7,68,458,-32,0
31,17,40,3.4,259,372,-14,0
98,56,28,3.0,475,160,-42,0
58,85,3,3.4,333,819,27,1
68,81,4,3.0,455,138,13,0
51,98,10,3.5,8,482,47,0
69,55,20,4.6,120,759,-14,1
89,77,34,3.8,370,843,-12,1
24,42,11,4.1,418,761,18,1
71,10,25,3.1,100,148,-61,0
71,28,18,4.2,148,588,-43,0
56,40,44,4.0,441,650,-16,1
71,89,6,2.4,145,195,18,0
60,23,46,3.7,352,743,-37,1
64,62,6,2.8,455,306,-2,0
73,57,25,4.4,242,238,-16,0
12,78,39,3.3,240,289,66,1
60,99,4,5.0,336,920,39,1
16,71,20,2.3,42,948,55,1
30,75,13,4.3,94,552,45,1
82,73,3,4.0,225,757,-9,0
48,79,22,4.3,5,858,31,1
27,72,41,2.9,213,726,45,1
13,82,19,3.5,205,868,69,1
98,42,14,4.4,66,320,-56,0
69,50,49,2.7,395,569,-19,0
23,98,44,2.7,99,599,75,1
18,57,28,3.7,11,163,39,0
99,22,7,3.6,236,388,-77,0
62,82,40,2.8,321,617,20,1
11,86,47,2.9,257,992,75,1
93,40,18,2.8,398,408,-53,0
69,84,47,4.3,406,699,15,1
80,77,38,4.0,412,663,-3,1
53,13,45,4.5,336,383,-40,1
17,28,27,4.9,479,738,11,1
56,79,45,3.4,134,218,23,0
44,91,26,2.2,221,388,47,0
87,22,3,2.1,155,847,-65,0
90,32,14,2.9,141,310,-58,0
45,92,34,4.8,427,936,47,1
59,84,36,3.6,157,784,25,1
13,10,0,2.8,464,248,-3,0
11,97,2,3.2,415,260,86,1
15,63,46,3.8,493,336,48,1
63,80,23,4.0,325,741,17,1
13,98,26,2.5,370,811,85,1
63,94,39,4.9,343,792,31,1
72,24,35,3.6,261,521,-48,0
27,74,33,2.4,282,531,47,1
99,85,28,4.7,337,72,-14,0
53,80,23,2.2,343,609,27,1
43,24,23,4.7,228,158,-19,0
83,30,41,5.0,375,345,-53,0
71,28,3,4.1,279,55,-43,0
23,69,2,4.3,357,599,46,1
57,98,33,3.0,289,730,41,1
24,42,48,4.8,167,917,18,1
81,58,22,3.6,46,844,-23,1
87,44,22,4.2,462,252,-43,0
96,53,44,4.8,202,374,-43,0
71,99,4,4.9,213,874,28,1
49,20,30,4.5,245,834,-29,1
94,81,40,2.9,23,293,-13,0
89,87,5,4.9,320,376,-2,0
91,83,36,3.9,273,96,-8,0
62,75,9,4.8,43,810,13,1
33,55,39,4.0,331,640,22,1
35,18,6,2.9,312,671,-17,0
98,12,38,3.1,362,62,-86,0
69,94,37,3.7,155,956,25,1
50,35,20,4.4,487,429,-15,1
38,81,19,3.0,379,414,43,1
24,57,2,3.7,198,651,33,1
54,75,21,3.0,406,391,21,0
74,79,46,4.4,468,909,5,1
98,37,3,3.4,161,841,-61,0
80,35,27,2.2,394,270,-45,0
18,34,11,2.5,469,122,16,0
97,21,37,2.2,233,795,-76,0
10,14,35,3.5,162,821,4,1
17,57,46,2.3,115,674,40,1
97,46,40,2.3,92,95,-51,0
72,88,4,4.8,41,553,16,0
20,53,12,4.6,283,323,33,1
90,24,22,3.4,378,604,-66,0
17,52,49,5.0,209,257,35,1
44,57,29,2.0,205,978,13,1
44,96,36,3.8,465,910,52,1
42,79,24,3.8,219,664,37,1
14,55,47,3.4,279,173,41,1
50,52,26,3.2,135,59,2,0
37,30,13,3.4,105,378,-7,0
16,32,47,3.2,117,236,16,0
82,89,46,4.2,236,592,7,1
81,56,35,2.4,308,717,-25,0
21,24,38,2.6,455,109,3,0
43,34,15,2.5,387,810,-9,1
42,45,21,2.8,474,948,3,1
57,84,20,3.6,99,935,27,1
32,60,20,2.3,260,831,28,1
71,24,7,4.6,480,491,-47,0
97,77,48,2.9,304,266,-20,0
46,30,15,2.5,353,960,-16,1
53,22,30,4.0,285,51,-31,0
95,95,41,2.1,327,585,0,0
44,28,9,3.9,102,767,-16,1
74,43,31,4.1,62,881,-31,1
56,87,33,2.6,174,760,31,1
87,77,8,2.1,281,405,-10,0
12,61,16,3.1,440,675,49,1
10,36,10,2.3,292,841,26,1
14,38,31,2.3,225,716,24,1
99,37,9,2.8,6,214,-62,0
23,44,21,2.9,126,783,21,1
36,17,16,3.6,423,140,-19,0
18,25,3,4.0,91,216,7,0
88,45,47,3.8,422,256,-43,0
24,39,46,2.4,189,331,15,0
99,27,24,2.5,358,114,-72,0
51,11,20,4.6,475,937,-40,1
86,58,36,3.7,461,565,-28,0
60,86,37,4.6,52,206,26,0
72,13,48,3.1,241,810,-59,1
61,99,0,3.8,485,818,38,1
13,98,24,3.6,131,796,85,1
32,84,35,3.0,489,355,52,1
24,16,16,3.4,465,927,-8,1
52,83,40,3.5,363,444,31,1
38,48,23,2.6,111,123,10,0
45,22,1,2.9,408,236,-23,0
22,40,39,4.4,6,623,18,1
41,80,14,4.7,229,386,39,1
80,72,31,3.1,155,725,-8,0
68,65,38,2.9,196,617,-3,0
95,51,5,2.6,322,672,-44,0
37,70,0,4.0,363,779,33,1
75,51,46,3.0,222,289,-24,0
51,65,22,5.0,366,582,14,1
54,45,38,3.0,489,190,-9,0
71,93,16,3.2,249,314,22,0
66,77,33,3.8,403,188,11,0
15,16,40,4.4,82,508,1,1
37,63,28,3.4,239,119,26,0
37,10,8,3.3,379,434,-27,0
53,53,12,5.0,394,679,0,1
93,54,5,2.0,359,247,-39,0
39,56,5,4.7,322,254,17,0
71,22,19,2.4,470,775,-49,0
84,31,2,4.4,262,617,-53,0
98,30,16,3.9,406,848,-68,0
71,95,48,3.0,188,854,24,1
10,18,11,4.6,454,736,8,1
36,35,47,2.0,365,908,-1,1
71,18,46,2.7,289,931,-53,1
86,24,44,3.7,361,689,-62,0
12,19,0,3.1,402,480,7,1
79,97,16,3.8,57,939,18,1
81,51,2,2.1,8,374,-30,0
36,81,25,2.3,303,491,45,1
18,33,14,2.4,114,853,15,1
71,89,35,2.6,209,337,18,0
46,58,31,3.4,40,275,12,0
60,35,31,4.3,303,113,-25,0
53,46,3,4.7,172,987,-7,1
33,77,17,4.5,233,609,44,1
88,59,48,2.6,280,763,-29,0
68,33,18,3.3,371,547,-35,0
41,28,42,2.6,77,898,-13,1
97,69,34,2.8,107,975,-28,1
61,48,39,3.5,280,966,-13,1
71,83,13,2.2,402,109,12,0
67,98,32,2.7,38,446,31,0
61,27,13,4.8,118,306,-34,0
21,28,33,3.4,334,626,7,1
48,45,3,3.3,335,288,-3,0
11,83,23,2.0,26,850,72,1
12,64,28,2.7,103,87,52,0
65,78,18,4.6,73,74,13,0
90,56,5,2.5,190,459,-34,0
68,58,32,3.2,323,510,-10,0
11,42,48,2.0,498,620,31,1
11,30,39,3.4,146,466,19,1
63,90,18,2.1,254,406,27,0
96,31,0,4.5,283,432,-65,0
10,57,4,4.5,212,858,47,1
28,46,26,4.4,122,207,18,0
11,24,15,2.9,494,618,13,1
62,44,5,4.5,205,482,-18,0
53,80,39,3.6,416,97,27,0
99,41,12,3.1,239,377,-58,0
41,20,47,3.9,393,482,-21,1
79,19,34,2.0,338,480,-60,0
41,82,18,2.4,285,105,41,0
77,87,11,4.2,21,626,10,0
64,86,15,2.7,258,317,22,0
84,66,42,3.8,356,118,-18,0
65,34,9,3.2,104,777,-31,0
26,11,24,4.6,465,951,-15,1
47,73,19,4.9,458,650,26,1
33,44,30,4.7,431,498,11,1
78,16,3,2.8,257,842,-62,0
79,94,43,2.6,203,306,15,0
95,27,22,3.4,309,721,-68,0
20,76,1,2.0,261,539,56,0
25,51,21,2.1,106,795,26,1
82,48,36,3.7,250,692,-34,0
68,50,7,3.6,423,98,-18,0
79,84,6,5.0,491,708,5,1
89,33,13,2.6,220,365,-56,0
12,69,2,2.8,378,462,57,1
29,55,49,2.3,221,483,26,1
68,28,15,4.8,257,51,-40,0
45,77,18,4.3,200,890,32,1
28,99,17,4.5,366,194,71,1
99,51,15,4.7,257,415,-48,0
76,41,7,3.6,348,469,-35,0
28,48,32,3.4,224,622,20,1
29,45,48,3.0,201,834,16,1
80,45,11,3.8,225,610,-35,0
61,12,10,3.4,235,893,-49,1
42,82,4,3.4,182,493,40,0
49,17,26,4.8,199,965,-32,1
48,79,11,5.0,356,483,31,1
91,50,16,4.4,245,692,-41,0
10,77,5,4.3,443,604,67,1
20,22,32,4.0,352,106,2,0
66,58,4,2.5,110,611,-8,0
98,69,27,2.2,5,227,-29,0
59,11,13,4.1,235,342,-48,0
32,69,4,4.2,126,95,37,0
40,14,32,2.1,103,219,-26,0
51,53,49,4.8,236,320,2,1
16,36,47,2.3,402,466,20,1
25,41,40,2.9,479,897,16,1
99,30,18,4.0,154,188,-69,0
69,17,21,2.5,256,296,-52,0
11,81,4,2.2,234,197,70,0
10,59,1,3.0,499,279,49,0
57,76,29,4.3,288,841,19,1
21,53,46,3.2,39,686,32,1
78,67,38,4.0,287,753,-11,1
46,12,3,3.7,196,423,-34,0
41,95,32,2.1,272,129,54,0
18,79,12,5.0,381,655,61,1
28,11,19,2.1,263,787,-17,1
57,96,6,4.9,56,114,39,0
89,53,14,3.6,297,137,-36,0
12,11,22,4.9,97,137,-1,0
29,90,13,2.3,136,762,61,1
33,44,22,3.5,375,775,11,1
63,96,18,2.5,86,253,33,0
42,39,28,2.2,418,962,-3,1
33,17,19,3.9,241,431,-16,0
84,31,28,2.6,198,650,-53,0
81,53,23,3.8,462,525,-28,0
45,67,17,2.3,436,622,22,1
47,45,9,3.0,309,832,-2,1
93,78,40,4.3,83,655,-15,1
98,86,7,3.3,241,868,-12,0
34,40,25,3.9,280,588,6,1
27,56,28,3.9,322,263,29,1
91,64,9,4.5,251,123,-27,0
75,89,16,3.0,189,110,14,0
63,71,1,4.1,438,747,8,1
44,39,5,4.9,429,592,-5,1
89,64,4,4.2,151,268,-25,0
70,25,27,3.5,481,61,-45,0
50,21,40,3.9,301,863,-29,1
42,26,4,4.2,277,464,-16,0
77,25,17,3.8,138,81,-52,0
42,21,25,2.1,175,209,-21,0
23,17,19,2.6,7,286,-6,0
30,93,40,4.4,294,788,63,1
57,12,48,2.8,234,230,-45,0
29,25,26,4.2,162,878,-4,1
17,39,48,3.1,48,607,22,1
16,32,11,3.6,301,390,16,1
76,14,6,2.2,37,507,-62,0
26,93,2,2.5,135,129,67,0
42,74,9,4.9,309,696,32,1
57,39,33,4.7,420,821,-18,1
85,30,24,4.0,218,869,-55,1
68,93,34,3.4,347,808,25,1
95,79,15,4.0,295,522,-16,0
31,31,1,3.9,33,720,0,1
39,91,23,3.7,351,764,52,1
47,81,9,2.2,78,161,34,0
60,41,37,3.9,235,341,-19,0
63,42,21,4.3,382,999,-21,1
17,25,25,5.0,272,871,8,1
36,85,42,2.0,160,680,49,1
36,47,38,4.2,174,432,11,1
30,23,26,3.7,365,66,-7,0
39,45,28,3.3,307,542,6,1
37,32,46,2.4,373,380,-5,0
73,75,37,3.2,463,975,2,1
78,94,19,3.1,220,788,16,1
70,11,26,2.9,8,922,-59,0
57,82,40,4.2,288,535,25,1
28,74,19,4.1,443,455,46,1
13,84,43,3.8,112,166,71,1
44,76,18,4.8,476,604,32,1
73,61,19,3.0,204,929,-12,1
58,71,34,2.7,404,164,13,0
26,32,46,4.0,185,844,6,1
53,35,1,2.6,340,598,-18,0
39,77,29,2.9,196,863,38,1
55,91,33,2.7,265,674,36,1
15,64,21,2.2,261,596,49,1
46,15,2,4.5,247,693,-31,1
33,44,5,2.8,114,385,11,0
55,31,14,3.4,120,385,-24,0
62,52,26,2.1,140,971,-10,1
69,24,9,4.1,64,938,-45,1
72,95,8,3.0,275,789,23,1
94,69,32,4.2,312,196,-25,0
41,21,31,3.2,238,171,-20,0
96,58,47,2.6,301,130,-38,0
42,51,5,3.5,391,734,9,1
76,47,40,2.4,9,715,-29,0
27,91,35,3.3,456,711,64,1
34,54,1,3.0,368,424,20,0
63,44,28,4.7,232,619,-19,1
67,39,3,2.2,194,112,-28,0
76,97,0,4.1,394,553,21,0
55,39,18,2.5,11,717,-16,0
33,87,25,3.0,393,498,54,1
41,15,24,3.2,408,477,-26,0
56,76,9,4.7,176,917,20,1
95,89,14,2.7,176,476,-6,0
32,16,21,2.3,216,470,-16,0
75,61,47,3.0,10,371,-14,0
36,23,20,2.3,445,962,-13,1
11,82,21,2.4,117,729,71,1
99,24,35,3.7,163,215,-75,0
26,30,33,2.2,38,646,4,1
42,44,29,2.1,52,698,2,0
18,75,24,4.1,217,510,57,1
52,11,44,3.1,205,508,-41,0
57,44,27,2.4,486,238,-13,0
48,91,0,2.8,311,513,43,0
51,87,48,3.9,359,961,36,1
35,29,44,2.8,384,428,-6,1
59,91,3,3.5,55,51,32,0
34,19,6,2.4,117,667,-15,0
33,34,48,3.8,387,413,1,1
22,75,8,2.9,252,121,53,0
69,34,35,3.9,285,476,-35,0
16,63,18,4.4,267,687,47,1
66,42,0,3.8,290,219,-24,0
45,45,9,2.9,332,254,0,0
54,23,35,2.8,179,874,-31,1
29,74,8,3.0,414,386,45,0
74,89,44,2.5,357,521,15,0
17,63,45,2.5,234,244,46,1
25,61,41,4.4,342,719,36,1
23,12,31,3.2,195,702,-11,1
85,50,31,3.3,307,324,-35,0
96,15,5,3.8,79,56,-81,0
24,34,47,3.8,134,954,10,1
75,22,37,2.2,21,615,-53,0
41,17,16,4.5,476,665,-24,1
96,30,9,2.5,330,903,-66,0
72,77,49,4.2,439,899,5,1
95,34,26,4.3,224,622,-61,0
60,88,49,4.1,57,648,28,1
34,77,34,3.7,92,819,43,1
67,54,20,2.0,191,227,-13,0
72,69,24,3.1,102,291,-3,0
71,21,27,3.8,395,252,-50,0
31,41,46,3.2,6,592,10,1
67,22,14,4.6,127,850,-45,1
67,40,3,2.9,54,511,-27,0
95,87,28,2.9,230,129,-8,0
58,29,8,2.8,361,572,-29,0
61,27,26,3.0,61,466,-34,0
51,69,25,3.7,239,815,18,1
79,72,18,4.1,89,433,-7,0
24,15,27,4.0,231,440,-9,1
63,41,16,4.4,456,945,-22,1
69,52,42,4.7,232,848,-17,1
17,11,40,4.4,353,737,-6,1
62,69,41,2.1,492,175,7,0
69,32,49,4.2,332,543,-37,1
14,92,19,2.6,438,96,78,0
77,40,44,2.4,374,767,-37,1
15,14,39,3.9,291,525,-1,1
56,92,38,3.0,344,998,36,1
64,43,48,2.2,151,668,-21,0
49,19,22,2.4,427,513,-30,0
61,98,46,2.0,144,836,37,1
25,11,31,4.7,129,898,-14,1
22,20,46,2.1,140,172,-2,0
39,59,32,2.6,414,523,20,1
28,40,45,3.2,92,183,12,0
26,65,4,3.1,113,668,39,1
72,88,42,4.7,283,866,16,1
28,82,47,2.1,443,890,54,1
67,96,33,3.5,410,611,29,1
64,92,39,4.0,142,898,28,1
99,18,10,4.8,222,656,-81,0
99,30,49,3.9,231,829,-69,1
71,82,2,4.4,462,72,11,0
32,37,32,2.3,32,615,5,1
18,71,10,3.2,275,935,53,1
21,16,15,3.1,169,815,-5,1
10,89,17,4.7,139,284,79,1
67,25,29,2.5,356,108,-42,0
10,13,47,2.5,200,213,3,0
43,13,9,3.0,22,820,-30,0
57,49,17,2.2,455,875,-8,1
98,26,37,2.5,223,265,-72,0
10,61,18,4.9,367,232,51,1
25,61,35,3.3,269,618,36,1
70,45,12,3.9,346,706,-25,0
73,47,45,4.2,152,984,-26,1
72,59,2,3.1,332,139,-13,0
78,72,9,2.4,84,360,-6,0
31,72,37,2.6,108,606,41,1
76,71,0,2.9,30,306,-5,0
85,16,26,3.9,228,582,-69,0
35,36,45,3.2,239,582,1,1
25,95,7,2.0,377,101,70,0
60,23,45,3.6,362,387,-37,0
95,80,41,4.8,309,220,-15,0
66,95,16,4.4,388,997,29,1
38,14,8,4.5,140,116,-24,0
87,64,5,4.4,155,674,-23,0
78,11,42,3.0,298,349,-67,0
56,71,24,4.3,344,721,15,1
71,30,38,2.4,370,827,-41,1
78,88,48,4.0,98,881,10,1
85,30,27,3.9,46,281,-55,0
25,19,32,2.1,486,886,-6,1
99,96,36,4.4,326,117,-3,0
99,67,8,4.7,421,555,-32,0
57,48,17,2.8,479,77,-9,0
94,14,20,4.4,66,998,-80,1
48,74,1,2.2,61,677,26,0
42,22,42,3.8,108,100,-20,0
32,94,37,3.5,166,742,62,1
19,99,39,3.6,36,309,80,1
78,94,35,4.8,118,640,16,1
43,62,49,4.6,497,834,19,1
61,91,42,4.4,85,669,30,1
19,54,36,2.8,381,635,35,1
28,41,14,4.7,391,736,13,1
67,45,27,2.3,464,233,-22,0
10,90,17,4.6,51,72,80,1
78,69,33,3.0,90,835,-9,1
13,20,21,2.2,288,178,7,0
25,72,10,4.0,493,340,47,1
33,30,12,2.7,336,881,-3,1
89,61,3,2.7,297,550,-28,0
11,64,21,2.9,203,235,53,0
41,35,6,2.2,367,528,-6,0
93,77,42,2.5,237,620,-16,0
33,43,23,2.0,381,541,10,0
21,61,3,3.3,154,562,40,1
59,91,27,2.3,239,692,32,1
44,61,14,4.0,135,116,17,0
42,38,0,2.7,406,854,-4,1
42,47,2,4.8,361,516,5,1
70,51,13,4.6,380,334,-19,0
60,30,37,2.9,368,650,-30,1
52,51,49,4.3,63,466,-1,1
21,22,0,4.4,122,149,1,0
76,73,37,5.0,253,238,-3,0
74,26,37,3.8,476,939,-48,1
42,18,20,2.2,113,907,-24,1
49,50,47,3.9,19,437,1,1
83,10,28,3.9,15,290,-73,0
52,11,4,3.9,144,831,-41,1
53,69,48,2.9,207,780,16,1
38,57,9,4.6,18,466,19,1
22,38,27,4.9,375,967,16,1
21,19,20,2.7,391,225,-2,0
55,67,49,2.3,165,436,12,0
11,69,6,2.6,37,520,58,1
44,30,2,4.5,180,902,-14,1
96,37,44,4.0,348,282,-59,0
90,84,46,3.9,104,712,-6,1
99,43,19,3.2,99,501,-56,0
17,17,18,3.7,89,326,0,0
35,68,34,2.9,414,278,33,0
83,95,3,3.4,299,220,12,0
99,81,4,4.4,443,784,-18,1
43,58,0,4.9,331,262,15,0
16,88,3,4.8,400,331,72,1
77,26,11,4.8,78,90,-51,0
67,69,26,3.2,72,171,2,0
84,96,41,3.4,422,276,12,0
38,97,22,4.1,425,343,59,1
45,54,24,4.8,175,649,9,1
98,92,20,2.4,395,316,-6,0
30,78,23,2.9,95,590,48,1
45,41,24,2.4,344,808,-4,1
19,53,44,3.8,102,877,34,1
82,74,45,2.9,401,500,-8,0
33,96,31,3.0,462,498,63,1
73,17,31,2.2,223,805,-56,0
58,86,4,3.0,5,110,28,0
45,81,35,4.6,121,551,36,1
91,96,45,2.7,235,196,5,0
33,52,41,4.1,426,735,19,1
32,10,48,3.9,115,994,-22,1
71,60,41,4.6,162,839,-11,1
46,33,38,2.4,225,383,-13,0
21,33,15,4.9,229,930,12,1
64,26,32,3.7,181,940,-38,1
22,14,48,5.0,248,191,-8,1
32,29,20,4.7,317,93,-3,0
98,30,8,2.7,452,193,-68,0
39,67,5,2.2,209,914,28,1
26,40,44,2.8,143,382,14,1
71,20,34,3.6,391,546,-51,0
93,61,38,2.5,344,445,-32,0
98,24,21,2.5,95,104,-74,0
95,92,40,3.4,381,356,-3,0
22,16,4,2.1,345,919,-6,1
68,37,41,2.4,243,472,-31,0
28,60,22,3.2,85,466,32,1
58,67,16,2.2,414,722,9,1
21,14,11,3.2,490,846,-7,1
70,14,22,3.4,393,374,-56,0
28,17,15,3.4,183,759,-11,1
85,73,2,4.6,120,720,-12,0
18,19,29,3.6,331,129,1,0
80,47,21,3.4,91,80,-33,0
37,90,8,3.2,69,161,53,0
87,17,28,4.5,403,607,-70,0
61,34,46,4.7,132,914,-27,1
92,82,36,4.6,278,766,-10,1
25,75,22,4.0,136,613,50,1
78,88,12,2.4,313,699,10,0
21,59,31,2.8,186,521,38,1
34,76,45,2.1,220,123,42,0
61,58,46,4.8,463,602,-3,1
94,45,47,4.0,437,528,-49,0
62,77,22,4.2,45,638,15,1
32,87,44,2.9,277,436,55,1
25,50,16,4.5,191,748,25,1
66,98,39,2.8,7,931,32,1
48,71,20,2.0,378,613,23,0
62,19,1,3.1,275,979,-43,1
51,30,36,3.7,178,482,-21,0
67,45,5,3.4,333,461,-22,0
48,21,43,4.6,38,516,-27,1
23,11,17,2.3,292,648,-12,1
14,22,29,3.7,177,670,8,1
44,62,21,3.5,161,958,18,1
96,41,32,2.8,330,786,-55,0
84,25,29,4.5,373,297,-59,0
27,41,16,4.3,103,630,14,1
85,41,42,4.2,160,169,-44,0
18,20,31,4.6,286,116,2,0
83,19,41,4.2,122,622,-64,0
67,24,13,2.7,53,376,-43,0
26,26,9,4.1,427,969,0,1
16,49,46,2.9,33,752,33,1
55,27,35,2.7,241,519,-28,0
22,64,33,2.2,454,542,42,1
49,82,8,4.2,377,750,33,1
51,34,41,4.1,112,712,-17,1
18,68,27,2.7,317,335,50,1
59,87,10,4.2,22,963,28,1
36,98,13,4.8,45,657,62,1
75,31,38,2.3,311,361,-44,0
14,39,46,2.7,134,358,25,1
38,93,18,4.3,117,824,55,1
46,94,14,2.8,472,146,48,0
47,53,27,3.9,188,162,6,0
92,41,23,2.2,130,686,-51,0
17,60,7,3.4,421,505,43,1
74,55,42,4.2,211,512,-19,1
95,30,8,4.1,417,997,-65,1
26,41,46,4.4,112,181,15,1
80,48,32,4.6,43,979,-32,1
98,21,32,4.3,127,978,-77,1
54,56,18,4.0,363,170,2,0
13,27,2,2.1,157,246,14,0
45,30,9,3.6,272,855,-15,1
79,22,39,2.1,314,531,-57,0
40,30,46,4.4,393,683,-10,1
28,17,41,3.0,354,843,-11,1
70,55,0,3.7,339,946,-15,1
63,16,28,2.8,401,821,-47,1
48,32,49,4.3,44,88,-16,0
83,84,33,4.7,107,615,1,1
99,95,12,3.2,218,561,-4,0
28,31,0,4.6,442,523,3,1
48,98,33,2.8,317,210,50,0
76,31,28,3.6,314,338,-45,0
54,38,47,4.6,176,249,-16,0
22,22,46,3.0,227,837,0,1
67,91,12,4.9,190,577,24,1
29,11,47,2.4,470,966,-18,1
81,38,48,2.1,159,734,-43,0
70,94,28,4.7,393,552,24,1
48,88,38,2.2,266,297,40,0
10,61,23,5.0,357,432,51,1
12,36,25,4.9,325,267,24,1
86,59,16,2.4,378,136,-27,0
71,88,6,3.6,488,131,17,0
72,32,12,2.6,189,111,-40,0
34,97,4,3.3,174,848,63,1
65,53,25,2.2,289,549,-12,0
42,86,48,2.7,483,91,44,0
47,31,2,3.1,356,61,-16,0
15,52,6,3.3,144,882,37,1
67,46,48,4.9,231,795,-21,1
53,70,38,4.4,359,890,17,1
54,65,0,4.2,437,692,11,1
41,12,48,3.6,203,164,-29,0
54,72,16,4.5,212,267,18,0
70,28,42,3.0,39,698,-42,0
56,32,24,4.1,274,155,-24,0
30,38,2,5.0,322,740,8,1
89,39,14,2.9,81,577,-50,0
94,48,28,4.0,180,521,-46,0
84,34,42,4.5,498,803,-50,1
45,17,31,4.7,319,895,-28,1
28,67,25,4.2,82,942,39,1
29,25,15,2.9,302,436,-4,0
66,81,24,3.0,261,275,15,0
27,10,27,2.1,271,530,-17,0
56,14,8,4.3,199,803,-42,1
58,12,0,2.1,239,457,-46,0
23,74,28,4.6,401,506,51,1
24,13,21,2.4,179,702,-11,1
40,73,15,2.5,431,947,33,1
10,98,40,3.4,170,760,88,1
63,19,43,4.2,294,673,-44,1
12,30,40,2.4,176,688,18,1
25,55,6,3.3,368,70,30,0
96,36,13,3.4,395,708,-60,0
66,75,28,2.6,236,650,9,0
84,50,18,2.3,137,864,-34,0
21,22,18,4.5,326,967,1,1
83,18,1,3.5,365,252,-65,0
25,45,40,2.0,310,466,20,1
81,95,44,4.4,128,465,14,1
85,99,14,4.9,48,497,14,0
33,67,2,3.8,163,561,34,1
37,63,10,3.5,276,134,26,0
17,21,45,4.6,292,216,4,1
45,90,29,4.9,115,433,45,1
99,87,39,4.3,23,517,-12,0
17,23,17,3.3,310,121,6,0
67,43,47,3.8,24,859,-24,1
69,62,1,4.1,390,570,-7,0
59,29,31,2.6,126,842,-30,1
37,84,7,3.3,233,522,47,1
50,25,21,4.5,208,307,-25,0
73,79,5,4.0,92,324,6,0
36,65,11,3.2,93,799,29,1
72,92,46,4.0,326,69,20,0
26,67,39,2.4,224,539,41,1
82,13,35,3.2,454,794,-69,0
42,13,14,4.4,377,539,-29,1
93,29,27,2.7,279,782,-64,0
86,19,48,2.6,10,375,-67,0
38,33,44,4.9,328,578,-5,1
22,35,17,2.6,11,941,13,1
55,46,1,2.8,34,138,-9,0
44,94,12,4.9,446,535,50,1
15,63,44,4.2,451,757,48,1
91,30,14,4.1,227,399,-61,0
78,83,19,4.6,219,133,5,0
56,47,28,2.3,440,436,-9,0
34,55,41,4.1,140,136,21,0
75,13,28,3.5,22,356,-62,0
19,69,2,4.5,82,899,50,1
65,66,18,3.5,489,203,1,0
39,54,2,3.9,228,489,15,0
14,29,13,3.4,422,789,15,1
42,26,39,3.4,343,313,-16,0
74,80,3,4.3,79,784,6,1
27,13,10,3.9,352,470,-14,1
58,23,30,3.9,395,542,-35,0
20,12,42,3.4,289,682,-8,1
94,97,31,3.6,454,460,3,0
35,89,26,4.2,330,222,54,1
72,67,29,4.5,158,53,-5,0
98,64,42,4.1,476,903,-34,1
95,13,1,4.8,127,689,-82,0
68,33,48,4.5,189,521,-35,1
36,43,8,3.7,396,159,7,0
58,39,27,4.0,30,916,-19,1
86,91,30,4.8,385,86,5,0
42,28,33,3.9,358,632,-14,1
10,40,14,4.5,14,850,30,1
30,69,47,4.1,312,80,39,1
64,69,24,3.7,74,430,5,0
15,28,35,2.7,33,317,13,0
90,58,7,3.3,358,60,-32,0
78,72,8,4.9,195,393,-6,0
14,92,36,4.0,330,889,78,1
12,31,47,3.7,28,593,19,1
62,33,44,4.8,193,618,-29,1
32,85,38,3.8,15,215,53,1
62,39,31,3.6,422,749,-23,1
46,67,16,4.3,76,391,21,0
83,40,34,4.1,292,531,-43,0
83,73,36,2.6,80,68,-10,0
92,28,18,3.4,404,677,-64,0
26,57,43,3.4,427,233,31,1
94,54,28,3.1,123,831,-40,0
87,64,6,3.6,18,594,-23,0
82,64,27,3.2,454,59,-18,0
10,27,8,2.6,101,641,17,1
60,72,27,3.2,391,241,12,0
54,56,5,2.2,76,369,2,0
86,84,28,3.7,228,751,-2,1
13,66,16,4.6,449,629,53,1
71,54,15,4.2,296,524,-17,0
74,42,22,3.1,202,909,-32,1
41,26,30,2.3,471,686,-15,1
43,79,2,2.6,453,476,36,0
81,13,20,3.6,60,897,-68,0
48,29,25,2.6,25,108,-19,0
35,56,35,3.6,70,485,21,1
43,24,41,2.7,102,146,-19,0
63,79,36,4.5,466,545,16,1
12,56,21,3.2,325,836,44,1
59,87,41,2.7,362,710,28,1
21,84,11,4.4,156,327,63,1
74,18,41,3.0,362,314,-56,0
63,99,12,2.3,358,58,36,0
14,25,10,3.7,193,506,11,1
66,78,15,3.7,274,844,12,1
26,70,7,4.1,323,322,44,1
56,19,39,2.7,185,989,-37,1
32,59,39,3.3,325,862,27,1
88,12,44,2.8,112,57,-76,0
94,86,1,2.2,312,257,-8,0
23,79,29,4.6,164,963,56,1
75,90,29,4.2,60,686,15,1
84,60,11,2.9,91,172,-24,0
60,28,9,3.8,285,82,-32,0
47,51,43,2.6,454,562,4,1
73,44,10,4.7,456,253,-29,0
47,55,14,2.3,152,567,8,0
59,35,15,2.0,224,858,-24,0
91,78,16,3.5,126,566,-13,0
39,73,25,3.7,192,492,34,1
88,46,1,3.7,114,641,-42,0
60,93,49,2.2,261,835,33,1
72,58,11,2.9,17,738,-14,0
61,30,25,3.5,9,899,-31,1
47,83,22,2.6,91,882,36,1
97,73,17,4.6,138,388,-24,0
88,14,31,2.3,480,487,-74,0
39,79,48,3.5,448,494,40,1
60,99,37,4.1,332,185,39,0
90,13,46,2.8,356,436,-77,0
14,48,2,3.9,339,74,34,0
38,44,37,4.5,448,555,6,1
13,10,2,2.6,51,374,-3,0
19,33,29,4.8,194,744,14,1
65,66,0,3.7,465,729,1,1
26,79,29,2.9,488,387,53,1
83,50,44,3.3,205,739,-33,1
26,63,31,2.9,286,934,37,1
93,55,27,4.2,474,144,-38,0
97,69,20,4.4,400,594,-28,0
78,69,45,4.5,438,672,-9,1
43,66,12,5.0,365,195,23,0
15,40,26,4.4,92,942,25,1
62,93,35,3.8,419,280,31,0
75,33,6,3.0,484,833,-42,0
86,98,21,3.6,409,897,12,1
52,45,9,2.1,308,544,-7,0
84,94,38,4.2,144,87,10,0
32,39,14,3.3,85,474,7,0
64,33,14,2.1,152,696,-31,0
89,39,3,2.2,1,895,-50,0
84,95,31,3.2,341,796,11,1
25,16,22,3.8,388,486,-9,1
17,44,5,3.4,259,880,27,1
13,64,23,3.9,163,417,51,1
13,23,19,3.4,5,394,10,0
65,19,36,4.0,499,209,-46,0
34,89,19,2.7,148,599,55,1
76,25,11,2.3,204,711,-51,0
76,63,32,3.8,117,961,-13,1
36,98,27,3.5,484,869,62,1
41,86,7,2.1,88,590,45,0
59,79,0,3.1,153,193,20,0
70,53,36,2.3,438,637,-17,0
60,82,21,3.6,166,706,22,1
28,54,5,3.2,467,790,26,1
30,65,20,3.8,160,625,35,1
14,93,31,4.4,269,908,79,1
91,91,34,2.9,55,394,0,0
51,66,14,4.9,227,318,15,0
70,30,4,3.6,336,889,-40,1
31,77,45,3.9,148,745,46,1
30,59,49,4.0,45,822,29,1
79,42,47,4.0,143,317,-37,0
10,16,5,3.5,237,218,6,0
14,79,24,3.3,271,820,65,1
21,24,45,2.2,119,788,3,1
99,91,39,2.1,339,82,-8,0
55,41,28,3.1,412,426,-14,0
43,84,6,3.0,219,263,41,0
58,29,39,3.2,7,611,-29,0
87,97,12,2.4,343,489,10,0
99,24,37,4.2,386,541,-75,0
54,57,17,4.6,472,442,3,1
36,80,1,4.8,274,538,44,1
82,30,7,3.5,352,771,-52,0
35,51,10,4.1,65,995,16,1
56,35,32,4.6,78,78,-21,0
95,23,37,3.3,85,88,-72,0
65,66,47,2.9,123,908,1,1
72,46,26,4.8,201,661,-26,1
57,67,19,3.5,465,222,10,0
70,30,11,3.5,149,66,-40,0
90,91,42,2.5,45,105,1,0
35,78,30,2.3,112,275,43,0
45,12,26,4.5,90,607,-33,1
10,96,31,3.8,140,116,86,1
17,99,9,3.0,288,246,82,1
61,46,2,2.6,388,703,-15,0
88,97,44,3.7,217,884,9,1
56,58,26,3.8,76,72,2,0
65,28,34,2.6,410,655,-37,0
95,98,30,4.6,376,803,3,1
23,94,14,2.3,383,286,71,0
99,21,15,3.1,333,968,-78,0
37,70,12,4.0,151,972,33,1
96,50,48,2.8,322,615,-46,0
87,42,34,4.5,238,187,-45,0
97,59,10,4.2,114,522,-38,0
11,77,20,4.4,318,894,66,1
35,80,10,2.4,368,833,45,1
23,95,29,2.4,93,602,72,1
68,42,47,2.9,482,659,-26,1
65,90,34,3.6,47,744,25,1
16,33,21,4.2,190,689,17,1
12,70,37,4.5,461,278,58,1
32,70,30,4.1,11,366,38,1
27,37,13,4.8,155,647,10,1
47,67,23,4.2,171,817,20,1
24,52,49,2.9,476,770,28,1
73,50,48,2.8,426,776,-23,1
98,48,31,4.1,400,935,-50,1
37,95,35,2.6,295,661,58,1
83,58,31,2.3,176,610,-25,0
48,26,14,3.6,340,250,-22,0
66,79,42,4.5,56,997,13,1
26,79,34,2.3,342,307,53,1
95,74,2,4.4,339,529,-21,0
99,83,15,4.4,447,937,-16,1
53,94,4,3.4,202,227,41,0
34,14,20,2.2,184,806,-20,1
26,11,9,2.5,120,172,-15,0
22,31,18,4.1,225,391,9,1
93,66,24,4.1,201,220,-27,0
34,75,3,4.7,329,894,41,1
77,83,28,3.7,362,697,6,1
19,25,18,2.4,379,108,6,0
76,60,42,2.4,453,754,-16,1
27,48,1,4.2,355,514,21,1
95,95,9,2.6,215,829,0,0
43,85,42,3.0,459,309,42,1
17,97,24,3.5,42,422,80,1
49,49,19,2.1,374,144,0,0
92,47,47,2.7,22,174,-45,0
51,69,18,3.2,154,90,18,0
50,68,22,2.8,185,940,18,1
15,19,23,2.4,248,303,4,0
61,73,10,4.2,236,56,12,0
35,72,45,4.4,292,520,37,1
73,58,33,2.8,133,777,-15,1
68,73,27,4.3,320,560,5,1
65,41,4,3.2,389,630,-24,0
68,16,4,3.5,433,118,-52,0
79,30,20,4.6,21,130,-49,0
42,29,11,4.2,360,591,-13,1
62,35,49,4.4,87,634,-27,1
31,77,3,2.4,152,311,46,0
30,95,48,2.2,124,138,65,0
79,24,41,4.7,78,964,-55,1
79,94,19,3.2,345,257,15,0
13,88,37,2.9,455,262,75,1
84,95,24,4.2,50,883,11,1
71,23,13,4.5,215,315,-48,0
71,36,10,4.6,175,961,-35,1
33,49,31,2.9,357,342,16,0
64,67,10,4.6,252,256,3,0
18,37,17,2.1,453,382,19,0
12,35,26,2.1,245,126,23,0
40,72,17,3.9,226,337,32,0
49,75,22,2.2,105,96,26,0
45,34,10,3.0,192,671,-11,0
33,12,20,4.0,315,249,-21,0
15,81,43,3.0,301,476,66,1
75,53,4,2.5,35,259,-22,0
93,51,22,2.8,441,937,-42,1
84,15,40,3.4,203,469,-69,0
13,48,24,3.4,421,203,35,1
88,61,40,4.3,266,571,-27,0
15,32,9,4.3,267,464,17,1
60,98,21,3.4,169,402,38,0
71,59,18,4.5,497,206,-12,0
66,52,0,2.3,38,310,-14,0
75,28,6,2.8,454,126,-47,0
88,78,3,4.5,138,818,-10,1
84,60,0,3.1,291,537,-24,0
17,20,14,4.9,51,180,3,0
35,21,39,3.4,286,628,-14,1
60,83,11,4.4,288,504,23,1
54,17,21,3.2,140,789,-37,1
53,33,21,3.3,145,212,-20,0
14,50,49,3.1,424,64,36,1
79,45,46,4.2,313,281,-34,0
35,94,16,3.6,183,244,59,0
77,81,28,4.8,151,910,4,1
28,64,45,2.8,200,591,36,1
93,18,13,2.3,127,408,-75,0
29,56,49,3.2,286,899,27,1
21,24,19,3.9,310,380,3,1
56,57,49,4.6,252,476,1,1
10,91,47,3.0,488,546,81,1
99,51,32,4.0,265,877,-48,1
23,69,42,3.1,187,535,46,1
73,93,14,3.9,385,857,20,1
47,79,11,4.7,229,498,32,1
46,21,39,2.7,270,462,-25,0
20,11,19,3.2,258,379,-9,0
86,16,29,5.0,298,781,-70,1
12,89,37,4.6,414,938,77,1
42,12,2,3.7,197,196,-30,0
15,12,27,3.5,322,308,-3,0
59,36,25,2.9,55,341,-23,0
19,49,29,3.6,318,860,30,1
14,42,12,4.5,202,192,28,0
32,10,12,4.1,270,986,-22,1
19,17,1,2.9,108,796,-2,1
53,41,36,2.6,115,676,-12,1
11,57,48,2.8,91,414,46,1
22,13,37,2.5,137,139,-9,0
49,79,1,2.3,421,769,30,1
11,28,35,3.3,302,213,17,1
93,41,25,2.3,56,530,-52,0
74,18,10,2.5,49,133,-56,0
72,21,7,3.6,497,126,-51,0
82,20,43,2.5,70,722,-62,0
26,55,39,2.2,398,566,29,1
18,25,42,3.0,401,534,7,1
84,10,21,2.7,81,639,-74,0
24,72,19,3.5,371,652,48,1
33,30,7,2.3,104,648,-3,0
47,39,28,4.3,87,831,-8,1
44,22,39,4.7,1,153,-22,0
58,43,25,4.2,359,501,-15,1
78,13,29,3.6,83,536,-65,0
71,37,16,4.6,481,388,-34,0
69,68,19,4.1,42,736,-1,1
59,36,15,2.0,153,615,-23,0
87,78,45,3.2,326,949,-9,1
84,34,42,4.6,421,527,-50,0
18,12,6,3.0,93,772,-6,1
43,77,15,2.1,297,656,34,1
85,34,44,4.2,132,272,-51,0
44,29,46,4.4,394,58,-15,0
10,43,47,2.5,64,102,33,0
49,35,26,3.6,289,126,-14,0
73,14,22,2.6,375,767,-59,0
31,70,23,4.2,256,552,39,1
69,18,8,2.8,466,365,-51,0
73,59,34,2.9,385,863,-14,1
81,15,19,4.5,212,871,-66,1
20,92,36,3.4,147,891,72,1
23,69,41,4.0,60,673,46,1
69,53,16,3.2,470,912,-16,1
39,20,46,2.9,148,214,-19,0
44,75,30,3.9,87,328,31,0
94,56,7,2.5,323,76,-38,0
46,82,14,3.1,382,119,36,0
14,94,30,2.6,395,267,80,1
92,97,29,4.1,277,414,5,0
87,95,45,4.8,403,750,8,1
35,12,19,5.0,81,894,-23,1
71,85,38,3.4,128,996,14,1
13,39,11,2.8,285,355,26,0
98,99,48,3.3,381,173,1,0
51,30,16,4.5,352,68,-21,0
98,37,41,2.6,279,306,-61,0
27,99,29,4.9,269,345,72,1
49,71,28,3.0,291,977,22,1
81,42,18,5.0,452,71,-39,0
48,94,45,4.5,202,929,46,1
23,44,10,4.4,23,499,21,1
41,61,33,3.0,443,601,20,1
60,43,49,2.0,350,599,-17,0
47,50,6,3.1,310,97,3,0
32,60,43,2.9,460,744,28,1
72,56,33,2.1,207,636,-16,0
24,91,19,3.5,279,770,67,1
34,67,49,3.2,204,232,33,1
26,84,37,3.9,151,484,58,1
75,66,23,3.9,437,156,-9,0
87,32,9,2.4,25,237,-55,0
62,57,31,4.9,193,825,-5,1
60,31,14,2.6,335,135,-29,0
48,26,36,3.3,421,885,-22,1
60,78,19,3.5,237,892,18,1
79,20,2,4.4,320,505,-59,0
15,24,36,2.3,496,186,9,0
76,44,39,3.3,74,907,-32,1
16,42,7,3.9,434,947,26,1
60,93,39,2.6,162,385,33,0
81,25,43,3.9,298,656,-56,0
51,43,22,4.8,28,887,-8,1
73,75,39,5.0,164,806,2,1
24,49,10,2.1,336,518,25,0
38,37,45,2.7,185,651,-1,1
42,56,7,2.9,53,620,14,0
36,48,28,3.2,294,452,12,1
45,79,29,2.7,41,589,34,1
38,82,9,2.6,411,121,44,0
47,29,38,4.9,284,831,-18,1
66,10,27,4.8,426,73,-56,0
36,81,48,2.1,386,673,45,1
64,96,35,3.0,499,861,32,1
42,72,12,3.2,137,534,30,0
77,76,31,2.7,186,105,-1,0
95,13,35,3.9,489,272,-82,0
75,67,36,3.9,397,681,-8,1
19,34,25,4.6,203,228,15,1
14,56,21,4.2,430,849,42,1
83,47,3,3.6,41,483,-36,0
47,24,30,4.0,349,986,-23,1
22,72,17,2.8,415,499,50,1
40,30,37,3.8,287,842,-10,1
56,66,23,3.5,425,933,10,1
97,62,22,2.4,415,541,-35,0
61,55,21,2.7,25,238,-6,0
65,23,1,2.9,370,627,-42,0
24,85,30,4.8,384,859,61,1
38,26,10,2.7,55,469,-12,0
17,48,27,2.9,252,298,31,0
14,18,45,3.1,121,637,4,1
38,86,31,4.0,105,698,48,1
56,88,4,2.4,129,213,32,0
77,91,37,4.9,336,794,14,1
85,15,9,4.6,157,304,-70,0
54,32,39,3.7,375,525,-22,1
11,68,45,4.0,230,855,57,1
36,55,23,2.0,454,466,19,0
45,47,34,3.0,307,219,2,0
45,23,43,4.4,90,366,-22,0
35,81,47,2.2,392,223,46,0
52,71,22,2.8,21,519,19,0
36,44,16,3.8,289,394,8,0
78,28,0,2.8,109,494,-50,0
29,39,30,4.8,48,67,10,0
20,87,30,2.4,128,119,67,0
83,93,41,4.4,72,387,10,0
47,34,41,3.5,339,677,-13,1
15,49,33,4.3,52,641,34,1
81,97,8,2.9,466,576,16,0
32,23,21,3.5,355,737,-9,1
56,35,12,4.6,379,505,-21,0
99,96,24,3.4,167,318,-3,0
55,31,47,3.1,44,680,-24,1
21,57,17,3.6,451,860,36,1
99,92,11,4.2,392,237,-7,0
22,60,39,3.3,104,618,38,1
71,12,16,4.8,149,760,-59,1
91,51,14,2.9,145,578,-40,0
98,28,41,3.4,203,483,-70,0
69,82,14,4.3,361,337,13,0
52,37,14,4.1,298,967,-15,1
85,93,38,4.6,166,616,8,1
77,54,12,5.0,200,548,-23,0
14,80,16,3.3,133,490,66,1
46,87,31,2.3,210,830,41,1
81,72,8,2.1,47,352,-9,0
40,82,39,4.2,125,136,42,0
18,28,19,4.6,238,879,10,1
60,56,25,2.7,6,487,-4,0
38,23,26,2.5,463,590,-15,1
87,47,20,2.2,452,71,-40,0
49,62,17,4.5,271,882,13,1
50,70,12,2.9,384,846,20,1
95,45,15,3.2,370,609,-50,0
20,49,8,3.5,36,566,29,1
32,90,11,4.5,486,811,58,1
10,39,43,4.0,210,724,29,1
55,18,37,3.8,164,552,-37,0
30,73,18,2.5,124,763,43,1
99,42,6,3.5,336,516,-57,0
45,61,34,4.1,191,150,16,0
63,98,47,4.9,217,632,35,1
96,23,17,2.6,213,991,-73,0
66,84,15,2.0,61,724,18,0
10,62,38,2.2,327,734,52,1
72,68,3,3.1,444,190,-4,0
63,87,24,4.5,380,187,24,0
64,50,31,2.0,160,627,-14,0
49,77,39,3.4,65,759,28,1
24,77,12,3.0,285,889,53,1
30,17,44,2.2,238,277,-13,0
56,11,16,3.4,19,330,-45,0
82,95,48,2.8,187,733,13,1
62,50,36,3.1,81,877,-12,1
18,64,5,4.1,362,480,46,1
83,25,18,3.6,201,89,-58,0
61,71,12,2.4,407,568,10,0
66,57,25,4.9,131,735,-9,1
35,39,13,3.9,36,712,4,1
50,21,30,4.3,131,260,-29,0
44,44,3,2.2,76,351,0,0
72,20,38,2.1,88,135,-52,0
34,73,7,2.1,460,446,39,0
99,59,24,2.6,401,302,-40,0
84,94,12,3.2,252,582,10,0
47,30,31,4.8,343,818,-17,1
11,78,37,3.4,193,940,67,1
16,57,37,2.9,175,964,41,1
91,29,27,3.7,32,430,-62,0
43,76,29,2.3,57,493,33,0
26,53,2,3.8,466,82,27,0
52,42,27,3.7,200,309,-10,0
68,82,2,4.4,27,283,14,0
60,70,44,5.0,34,564,10,1
63,18,33,2.8,486,908,-45,1
33,77,15,3.5,124,357,44,0
34,44,21,4.7,393,788,10,1
80,90,31,4.4,320,845,10,1
61,97,37,3.5,41,119,36,0
79,74,7,4.8,84,503,-5,0
97,17,7,2.2,392,488,-80,0
42,54,5,4.8,187,874,12,1
58,96,13,2.2,110,413,38,0
38,56,31,3.6,270,815,18,1
72,49,34,4.7,482,530,-23,1
31,85,9,2.8,440,193,54,0
35,63,2,3.4,324,73,28,0
37,85,11,3.0,104,474,48,0
94,55,48,4.9,405,795,-39,1
58,56,30,4.5,319,894,-2,1
80,24,28,4.1,40,224,-56,0
90,28,4,3.8,214,893,-62,0
93,35,24,4.5,70,374,-58,0
58,61,40,3.2,55,918,3,1
29,31,30,3.3,406,720,2,1
95,30,20,4.2,235,909,-65,1
72,60,19,3.1,280,397,-12,0
70,47,38,2.2,474,847,-23,1
58,29,21,2.2,104,67,-29,0
80,38,3,2.3,389,93,-42,0
10,60,12,4.6,374,204,50,1
22,13,44,3.4,161,916,-9,1
96,64,41,4.1,190,971,-32,1
60,80,49,3.2,8,426,20,0
65,37,48,2.8,59,792,-28,1
92,13,19,3.0,380,932,-79,0
71,31,12,4.4,304,877,-40,1
41,85,16,3.9,224,451,44,1
39,54,35,4.8,306,274,15,1
38,76,32,4.0,187,266,38,1
58,95,0,3.7,69,617,37,0
54,75,14,3.8,292,80,21,0
39,97,12,4.8,286,918,58,1
25,43,16,4.4,481,108,18,0
49,64,23,2.1,168,941,15,1
28,10,7,3.6,61,947,-18,1
27,81,49,4.1,348,402,54,1
10,96,26,4.2,441,984,86,1
87,47,44,2.6,13,494,-40,0
56,15,22,4.6,163,284,-41,0
75,95,45,4.9,419,156,20,0
47,34,7,2.7,244,240,-13,0
60,91,7,4.6,334,579,31,1
72,26,25,2.3,7,962,-46,0
13,70,46,2.2,153,787,57,1
10,21,12,2.4,35,728,11,1
17,15,38,2.2,47,632,-2,1
38,99,36,4.5,84,923,61,1
64,36,48,2.2,27,615,-28,0
12,17,27,2.8,195,294,5,0
41,92,24,2.3,445,911,51,1
19,74,15,2.9,207,125,55,0
83,66,1,2.3,469,596,-17,0
92,49,17,4.0,203,316,-43,0
43,23,16,2.4,463,366,-20,0
96,44,29,4.6,306,861,-52,1
64,57,38,4.5,103,170,-7,0
41,93,12,2.0,229,885,52,1
59,65,31,4.7,425,74,6,0
16,58,49,2.1,100,481,42,1
17,22,28,2.7,28,209,5,0
74,70,45,2.1,126,645,-4,0
66,58,29,3.0,337,163,-8,0
76,55,17,3.5,9,784,-21,0
97,71,12,4.4,105,949,-26,1
96,17,42,3.0,166,551,-79,0
68,52,20,4.1,465,215,-16,0
81,29,29,2.6,256,752,-52,0
63,99,20,4.3,294,224,36,0
76,48,47,2.7,276,50,-28,0
60,94,16,2.4,64,948,34,1
17,58,39,2.6,270,790,41,1
43,73,18,2.5,387,135,30,0
44,71,14,3.5,187,623,27,1
97,63,8,4.5,316,369,-34,0
87,18,9,2.2,403,450,-69,0
41,97,43,4.1,137,431,56,1
55,46,30,4.0,342,767,-9,1
25,58,22,4.6,104,666,33,1
77,50,29,2.7,33,367,-27,0
46,26,32,3.4,379,852,-20,1
63,97,8,4.8,109,299,34,0
94,30,46,4.0,431,574,-64,0
23,60,0,3.2,32,724,37,1
64,68,43,2.4,353,604,4,1
57,48,34,2.8,230,947,-9,1
91,64,10,3.7,316,672,-27,0
16,50,33,4.2,265,766,34,1
83,48,15,2.4,181,945,-35,0
16,22,8,3.8,339,305,6,0
42,73,31,3.7,64,356,31,0
32,20,14,3.5,332,999,-12,1
94,28,11,4.1,0,193,-66,0
28,20,32,4.5,132,707,-8,1
28,86,44,3.0,79,440,58,1
45,55,13,4.7,270,862,10,1
38,54,7,2.5,240,725,16,1
69,10,7,2.5,27,218,-59,0
91,49,26,2.8,222,347,-42,0
11,28,11,2.4,22,282,17,0
10,85,0,2.7,495,952,75,1
56,81,42,2.3,108,320,25,0
78,81,39,4.5,106,109,3,0
29,70,41,2.4,144,345,41,0
20,21,10,4.2,368,516,1,1
11,70,38,2.1,353,284,59,1
76,42,42,4.8,396,726,-34,1
96,54,30,4.1,397,755,-42,1
21,99,16,2.0,138,283,78,0
29,78,32,4.3,283,417,49,1
14,17,31,3.5,297,744,3,1
46,34,28,4.3,479,894,-12,1
47,55,20,3.6,98,281,8,0
18,96,20,3.9,316,922,78,1
62,39,39,4.4,122,540,-23,1
53,56,22,3.2,319,668,3,1
95,96,5,2.0,286,552,1,0
33,58,21,4.5,80,939,25,1
90,56,49,3.1,494,784,-34,1
83,93,37,3.5,456,641,10,1
39,91,36,2.0,9,795,52,1
68,27,44,3.5,7,430,-41,0
96,75,7,5.0,404,745,-21,1
90,77,40,2.8,204,477,-13,0
90,42,48,3.2,314,746,-48,0
23,45,34,4.1,433,695,22,1
18,91,10,4.4,196,781,73,1
49,28,23,3.3,197,849,-21,1
75,37,48,2.9,29,413,-38,0
34,49,20,4.8,478,251,15,1
82,93,1,4.0,400,931,11,1
31,85,39,2.4,458,195,54,0
13,24,18,2.2,19,885,11,1
35,50,38,3.5,47,688,15,1
67,48,27,2.7,456,506,-19,0
38,11,16,2.8,129,184,-27,0
96,72,5,4.6,292,675,-24,0
46,38,18,2.3,384,313,-8,0
84,83,37,4.1,131,113,-1,0
79,75,27,2.8,355,540,-4,0
27,60,1,4.3,53,696,33,1
94,84,37,4.2,377,90,-10,0
51,86,36,2.0,280,345,35,0
50,19,3,3.5,386,52,-31,0
47,23,21,2.4,264,962,-24,1
43,91,25,4.6,469,755,48,1
26,60,48,4.6,214,159,34,1
46,82,42,3.3,459,270,36,1
34,48,35,3.3,457,419,14,1
85,37,12,2.9,289,417,-48,0
96,12,31,4.1,42,485,-84,0
95,93,16,3.1,73,967,-2,1
94,79,40,2.8,349,53,-15,0
36,36,35,3.3,277,293,0,0
66,11,45,2.3,325,951,-55,1
40,47,18,4.2,241,215,7,0
15,12,34,2.0,129,75,-3,0
49,25,45,3.9,349,444,-24,1
21,49,39,2.5,193,523,28,1
62,11,27,2.7,31,66,-51,0
80,90,0,3.9,105,777,10,0
19,50,41,5.0,399,141,31,1
54,21,17,4.3,203,532,-33,0
26,44,47,2.7,0,592,18,1
35,74,39,2.5,244,254,39,0
94,64,32,4.6,71,551,-30,0
71,54,11,3.3,431,980,-17,1
55,88,7,2.4,305,449,33,0
73,99,23,4.6,396,256,26,0
11,94,15,4.4,14,668,83,1
63,71,49,5.0,52,195,8,0
74,58,3,4.7,427,928,-16,1
60,34,37,4.6,7,150,-26,0
62,32,43,2.2,329,929,-30,1
45,33,26,2.3,45,879,-12,1
35,47,8,3.7,324,929,12,1
38,37,46,3.6,113,290,-1,0
30,30,15,3.4,146,972,0,1
20,63,11,3.2,494,808,43,1
49,27,30,3.3,165,212,-22,0
20,45,23,3.7,378,933,25,1
45,54,13,2.0,138,222,9,0
68,82,44,2.8,116,551,14,0
48,62,24,3.6,298,596,14,1
63,39,33,4.2,275,333,-24,0
64,69,2,2.5,403,408,5,0
33,41,23,3.6,276,430,8,1
31,76,41,4.1,337,919,45,1
78,76,8,3.3,312,954,-2,1
65,37,25,2.1,177,960,-28,1
42,53,19,3.3,329,582,11,1
45,88,39,2.9,353,869,43,1
29,50,9,4.8,153,212,21,0
92,72,18,2.4,413,658,-20,0
90,32,2,4.0,200,356,-58,0
71,84,23,2.2,365,388,13,0
82,57,4,3.3,114,104,-25,0
35,41,2,3.7,158,382,6,0
75,66,26,2.9,41,176,-9,0
82,42,15,3.4,246,989,-40,1
82,33,48,2.5,67,754,-49,0
49,48,14,2.9,444,292,-1,0
26,43,34,3.9,444,910,17,1
10,65,11,2.9,325,649,55,1
98,37,40,4.7,333,897,-61,1
70,46,43,3.9,195,458,-24,0
52,16,25,3.3,89,552,-36,0
51,77,46,2.1,110,776,26,1
34,46,33,3.5,367,653,12,1
48,65,22,4.3,358,352,17,1
44,74,30,2.8,144,513,30,1
12,74,49,4.4,274,284,62,1
53,56,19,2.8,178,745,3,1
60,29,11,4.5,240,87,-31,0
21,28,22,2.3,325,188,7,0
28,38,3,4.6,318,244,10,0
53,83,22,3.5,476,576,30,1
68,69,47,2.9,330,818,1,1
58,27,47,2.8,463,696,-31,1
70,44,0,3.3,413,50,-26,0
26,52,24,5.0,152,610,26,1
83,20,1,2.7,103,145,-63,0
66,58,29,2.3,74,762,-8,0
64,47,2,3.8,127,462,-17,0
56,73,20,3.5,198,587,17,1
21,78,24,3.6,153,904,57,1
71,17,19,4.0,55,478,-54,0
89,43,48,2.8,277,284,-46,0
97,57,21,4.7,344,398,-40,0
92,65,20,3.3,18,805,-27,0
17,85,32,2.4,158,919,68,1
30,74,37,4.2,25,530,44,1
90,40,14,3.9,425,888,-50,1
96,13,45,2.9,168,445,-83,0
89,59,14,3.9,483,400,-30,0
79,78,45,2.7,22,465,-1,0
81,39,24,3.3,46,935,-42,1
34,97,20,4.7,12,965,63,1
91,68,23,2.4,216,936,-23,0
98,76,4,3.2,321,100,-22,0
21,84,5,4.5,193,130,63,0
24,54,48,4.9,143,85,30,1
68,13,42,3.4,72,116,-55,0
35,35,47,3.5,155,690,0,1
35,36,43,3.7,76,931,1,1
56,55,46,4.8,418,716,-1,1
41,73,22,4.6,168,806,32,1
19,60,3,2.5,460,672,41,1
25,59,26,3.3,286,729,34,1
80,15,17,3.4,84,530,-65,0
26,68,20,4.4,415,517,42,1
32,24,27,3.8,181,191,-8,0
35,39,34,4.0,481,405,4,1
94,51,21,5.0,455,758,-43,1
95,46,39,2.2,314,520,-49,0
16,51,22,2.7,296,670,35,1
23,44,2,3.2,111,937,21,1
88,96,39,3.0,449,640,8,1
16,15,49,2.1,229,951,-1,1
18,77,9,2.3,95,722,59,1
57,27,24,4.0,437,488,-30,0
81,82,48,4.6,167,580,1,1
68,38,7,3.5,377,176,-30,0
96,86,10,3.6,155,254,-10,0
91,68,4,2.8,420,78,-23,0
48,56,44,4.3,104,494,8,1
27,26,36,4.3,192,768,-1,1
68,31,44,3.8,488,513,-37,1
26,77,37,2.6,329,329,51,1
23,78,28,2.3,438,200,55,0
40,46,4,2.2,131,289,6,0
33,58,8,3.8,354,315,25,0
69,22,47,4.5,381,743,-47,1
54,43,1,4.6,137,154,-11,0
12,95,0,3.4,430,986,83,1
46,62,39,4.4,330,482,16,1
52,96,29,4.8,269,962,44,1
49,60,10,2.8,37,546,11,0
99,12,27,3.2,395,489,-87,0
64,51,43,4.8,44,797,-13,1
96,41,11,3.0,400,734,-55,0
48,60,38,4.7,463,207,12,1
24,94,25,4.9,162,221,70,1
13,55,12,4.0,449,543,42,1
95,30,7,4.5,330,360,-65,0
34,53,27,4.2,252,452,19,1
22,20,29,4.1,168,718,-2,1
91,77,8,2.9,450,819,-14,0
42,10,38,2.2,284,725,-32,1
25,72,30,3.0,273,708,47,1
51,33,20,4.0,19,952,-18,1
75,22,46,2.3,238,715,-53,0
64,20,33,2.0,269,512,-44,0
51,60,30,2.4,417,416,9,0
43,26,24,4.1,432,599,-17,1
39,91,11,4.9,309,692,52,1
22,95,0,4.9,30,919,73,1
22,33,21,3.5,313,304,11,0
27,28,39,4.6,103,257,1,1
41,46,36,4.2,169,499,5,1
48,94,46,3.5,185,144,46,0
55,17,0,3.7,127,909,-38,1
38,37,0,2.4,209,888,-1,1
71,14,41,4.8,413,527,-57,1
71,26,41,3.1,280,732,-45,1
66,45,20,3.3,446,811,-21,1
25,28,14,4.0,252,239,3,0
65,73,16,3.0,18,760,8,0
19,20,21,2.8,199,533,1,1
39,63,37,3.9,219,782,24,1
34,54,34,2.1,135,585,20,1
93,56,44,4.2,222,805,-37,1
14,21,15,3.5,2,472,7,1
74,30,7,3.8,450,885,-44,1
58,20,46,3.9,235,689,-38,1
12,14,16,3.6,341,654,2,1
54,90,16,3.7,464,861,36,1
23,65,25,4.1,227,182,42,1
39,29,12,4.3,400,104,-10,0
77,50,16,4.2,141,559,-27,0
27,55,37,4.6,498,719,28,1
71,21,16,2.6,8,590,-50,0
46,79,47,3.2,189,459,33,1
34,26,13,4.8,349,260,-8,0
57,28,44,3.2,404,715,-29,1
74,35,5,2.4,459,342,-39,0
62,57,34,3.6,164,783,-5,1
88,61,45,2.3,479,164,-27,0
82,79,13,2.6,138,998,-3,1
24,64,46,5.0,275,719,40,1
58,84,7,3.6,290,308,26,0
97,42,14,2.9,52,812,-55,0
77,71,26,5.0,174,171,-6,0
21,97,12,4.9,109,348,76,1
68,32,48,3.3,202,824,-36,1
46,24,30,2.8,435,430,-22,0
70,36,34,4.5,135,610,-34,1
52,84,5,4.1,3,938,32,1
79,73,4,4.1,154,890,-6,1
48,90,21,4.7,171,550,42,1
65,60,48,4.1,423,346,-5,1
72,62,22,2.9,357,411,-10,0
55,87,24,4.1,46,638,32,1
97,91,33,2.9,93,512,-6,0
20,60,25,4.3,427,487,40,1
71,56,46,3.9,47,176,-15,0
86,13,4,2.2,239,246,-73,0
34,16,25,3.5,346,270,-18,0
80,44,19,3.0,212,140,-36,0
61,57,5,3.0,435,460,-4,0
13,82,5,3.8,339,57,69,0
68,81,49,3.0,323,593,13,1
81,54,17,4.3,138,517,-27,0
29,90,3,2.2,204,369,61,0
72,90,16,4.0,380,443,18,0
63,81,13,4.4,72,318,18,0
83,28,13,4.0,3,240,-55,0
66,72,12,3.5,75,910,6,1
99,47,6,4.9,328,724,-52,0
50,76,43,2.9,76,110,26,0
12,68,14,2.1,303,487,56,1
15,78,18,3.3,255,313,63,1
14,22,42,2.1,409,846,8,1
14,56,46,4.9,101,144,42,1
63,70,43,2.6,105,602,7,0
56,40,34,4.4,332,975,-16,1
96,89,16,4.3,38,519,-7,0
58,31,34,2.7,475,710,-27,1
18,95,18,3.9,313,765,77,1
29,52,19,2.1,274,828,23,1
70,76,35,3.5,87,563,6,0
44,63,34,2.0,210,739,19,1
59,19,31,4.8,368,986,-40,1
91,51,47,4.9,76,243,-40,0
71,73,43,2.7,76,531,2,0
26,30,39,2.6,441,948,4,1
97,89,23,4.3,27,385,-8,0
12,85,16,2.8,244,484,73,1
41,75,6,4.7,65,245,34,0
22,50,42,3.7,265,904,28,1
98,33,49,3.1,381,298,-65,0
82,44,0,4.5,469,547,-38,0
77,65,34,3.5,204,261,-12,0
23,39,31,4.7,57,714,16,1
20,66,35,4.8,200,719,46,1
65,56,12,2.5,224,515,-9,0
76,44,5,2.0,141,923,-32,0
38,28,13,5.0,380,700,-10,1
18,17,36,4.7,367,270,-1,1
76,35,47,2.2,83,322,-41,0
34,80,14,4.5,142,203,46,0
85,39,46,3.4,351,298,-46,0
51,16,3,2.8,32,328,-35,0
18,76,39,4.6,400,489,58,1
88,74,15,2.6,151,997,-14,1
49,45,27,4.8,157,865,-4,1
34,34,15,2.6,445,325,0,0
14,46,3,3.8,140,563,32,1
20,10,44,2.7,445,137,-10,0
68,24,25,3.6,250,848,-44,1
97,46,27,4.1,302,972,-51,1
88,22,31,2.6,111,691,-66,0
47,17,44,3.6,143,554,-30,1
81,14,1,3.4,449,639,-67,0
14,69,30,2.2,208,821,55,1
57,82,2,4.5,223,290,25,0
99,10,7,3.0,42,702,-89,0
27,45,23,3.7,263,789,18,1
79,44,14,3.5,243,724,-35,0
46,75,42,3.5,2,285,29,0
69,72,30,2.3,124,177,3,0
57,32,8,3.3,267,552,-25,0
86,18,38,3.4,83,249,-68,0
37,43,44,4.2,15,951,6,1
78,55,1,4.5,333,592,-23,0
86,87,7,3.6,463,551,1,0
90,13,6,2.3,58,699,-77,0
49,39,43,2.7,176,541,-10,0
54,84,38,2.5,62,70,30,0
71,81,41,2.4,445,283,10,0
67,12,15,3.1,490,763,-55,0
76,23,34,2.7,48,840,-53,0
65,69,29,2.7,306,692,4,1
49,86,9,2.2,245,465,37,0
49,54,37,2.1,288,197,5,0
86,43,17,2.3,285,78,-43,0
42,54,49,2.5,442,410,12,1
15,70,4,3.3,331,357,55,1
97,92,28,3.5,14,932,-5,1
28,25,38,2.4,337,991,-3,1
89,75,33,3.3,254,211,-14,0
49,49,42,3.0,91,918,0,1
68,26,44,2.6,278,901,-42,1
68,43,22,2.0,205,110,-25,0
57,25,4,3.4,93,174,-32,0
50,69,29,4.1,224,505,19,1
22,75,5,2.7,300,120,53,0
54,75,45,2.4,317,887,21,1
98,99,43,4.7,462,956,1,1
62,22,3,2.8,198,925,-40,0
51,65,28,2.7,270,515,14,0
72,40,22,4.6,499,292,-32,0
36,43,5,4.5,233,539,7,1
47,48,31,3.3,45,810,1,1
69,76,41,3.5,63,270,7,0
16,17,17,2.7,229,522,1,1
14,96,14,2.2,429,582,82,1
54,87,39,3.7,439,543,33,1
67,64,31,2.3,248,948,-3,1
40,36,8,3.3,245,131,-4,0
32,62,36,4.8,427,905,30,1
51,48,9,4.9,74,928,-3,1
19,74,19,2.7,156,571,55,1
41,26,5,3.9,222,972,-15,1
62,39,47,3.4,189,61,-23,0
39,62,2,4.6,472,312,23,0
48,22,41,2.8,51,706,-26,1
40,30,10,2.0,437,498,-10,0
91,28,42,2.5,87,241,-63,0
11,62,16,3.0,312,811,51,1
87,28,31,2.9,338,163,-59,0
86,66,3,4.4,65,75,-20,0
21,34,3,4.0,149,832,13,1
48,95,16,2.9,19,548,47,0
75,40,40,3.4,32,557,-35,0
22,90,18,2.3,327,594,68,1
55,64,4,4.7,280,111,9,0
36,32,31,4.8,45,278,-4,0
26,41,21,4.9,72,864,15,1
69,71,5,4.6,353,656,2,1
73,83,34,2.5,312,84,10,0
97,19,21,2.1,342,754,-78,0
44,81,0,3.7,132,505,37,0
79,63,19,4.7,54,637,-16,0
92,61,21,2.5,60,940,-31,0
39,29,47,2.0,344,551,-10,1
80,41,10,4.4,7,810,-39,0
83,23,12,2.2,271,644,-60,0
72,59,41,3.2,245,74,-13,0
37,37,2,4.0,175,618,0,1
69,62,8,2.7,492,81,-7,0
88,33,11,2.3,115,880,-55,0
46,88,22,4.3,316,61,42,0
31,31,13,3.9,270,368,0,0
77,39,32,5.0,192,894,-38,1
29,72,17,3.0,149,653,43,1
77,13,48,2.2,130,50,-64,0
73,86,40,4.2,101,484,13,1
26,68,8,3.6,309,887,42,1
21,96,22,2.6,269,185,75,0
31,17,9,4.3,291,245,-14,0
26,91,18,2.6,209,182,65,0
19,21,46,2.8,494,135,2,0
74,40,4,2.3,360,525,-34,0
31,87,46,3.2,337,856,56,1
99,43,22,3.3,66,840,-56,0
91,91,29,3.5,9,373,0,0
59,84,24,4.1,48,229,25,0
23,85,27,4.7,486,565,62,1
73,58,33,2.4,110,687,-15,0
56,88,44,2.2,320,224,32,0
38,66,47,2.1,218,812,28,1
85,35,46,2.4,56,70,-50,0
45,27,24,4.0,282,154,-18,0
61,95,9,4.2,458,627,34,1
85,47,13,4.4,112,492,-38,0
16,90,41,2.7,132,824,74,1
38,96,45,2.9,70,98,58,0
20,97,29,3.4,82,577,77,1
42,59,40,2.2,56,194,17,0
15,17,24,3.8,375,389,2,1
88,50,13,5.0,348,811,-38,1
41,15,34,3.1,270,904,-26,1
60,78,47,4.3,482,403,18,1
84,53,33,3.5,110,124,-31,0
67,73,9,2.4,356,851,6,1
96,38,34,3.7,374,978,-58,1
35,37,10,2.9,75,843,2,1
55,20,10,2.1,157,627,-35,0
38,74,20,3.9,19,686,36,1
13,28,20,4.6,420,368,15,1
90,18,21,3.0,130,136,-72,0
22,36,44,3.2,328,602,14,1
48,43,6,4.7,121,747,-5,1
24,53,16,4.4,40,915,29,1
38,77,1,4.1,166,941,39,1
38,91,11,2.7,409,896,53,1
84,24,41,4.7,129,827,-60,1
41,60,17,2.5,22,832,19,1
11,22,10,3.9,278,91,11,0
56,92,15,2.1,250,142,36,0
87,58,48,3.9,468,746,-29,1
93,79,17,2.8,399,776,-14,0
31,65,34,3.3,8,556,34,1
84,85,25,3.0,12,578,1,0
36,60,15,2.5,411,314,24,0
76,46,5,3.9,410,675,-30,0
90,26,43,4.6,306,341,-64,0
65,67,42,4.9,319,513,2,1
30,96,46,2.6,51,853,66,1
56,99,46,4.2,208,609,43,1
89,38,47,4.0,37,868,-51,1
68,42,41,3.0,99,146,-26,0
93,69,11,2.1,192,936,-24,0
15,98,12,4.1,401,144,83,1
28,64,3,4.8,190,375,36,1
66,19,38,3.9,50,123,-47,0
78,56,1,3.3,392,385,-22,0
12,32,25,3.6,140,117,20,0
10,94,26,2.6,167,807,84,1
67,30,26,4.3,310,967,-37,1
47,22,14,4.2,108,126,-25,0
24,42,7,2.4,206,257,18,0
43,33,6,4.6,426,933,-10,1
70,20,46,2.8,299,815,-50,1
44,26,45,4.9,109,270,-18,0
73,77,39,3.1,195,311,4,0
34,56,11,2.5,416,459,22,0
33,34,12,3.1,151,380,1,0
21,82,42,3.3,419,393,61,1
27,30,16,2.2,242,820,3,1
24,93,16,3.7,127,869,69,1
89,92,35,3.8,104,123,3,0
36,92,20,4.2,9,686,56,1
81,21,7,2.1,355,749,-60,0
69,46,4,3.6,147,303,-23,0
55,51,25,2.2,488,882,-4,1
98,26,15,4.1,364,869,-72,0
26,57,35,2.2,363,796,31,1
62,37,27,4.7,458,811,-25,1
17,50,28,4.1,139,381,33,1
88,56,46,3.5,189,447,-32,0
36,27,11,3.3,401,394,-9,0
55,87,36,2.4,93,633,32,1
59,80,29,2.9,491,796,21,1
80,22,22,4.6,495,885,-58,1
12,91,15,4.7,228,717,79,1
73,22,13,2.0,62,504,-51,0
53,40,9,3.8,339,955,-13,1
62,11,6,4.2,24,164,-51,0
33,25,44,3.9,267,362,-8,1
69,18,36,2.2,404,277,-51,0
12,82,28,2.7,280,883,70,1
29,47,2,2.8,10,907,18,1
55,84,14,4.5,319,294,29,0
24,63,35,3.4,200,867,39,1
34,65,46,3.5,125,575,31,1
87,95,45,4.8,305,577,8,1
80,96,18,3.9,189,999,16,1
26,54,12,4.7,88,476,28,1
93,43,41,3.4,354,91,-50,0
18,18,20,2.4,115,514,0,0
47,97,36,4.8,351,671,50,1
57,17,26,3.4,176,327,-40,0
69,16,28,2.5,13,885,-53,0
72,45,19,2.9,256,68,-27,0
95,27,24,2.2,208,115,-68,0
11,12,5,3.4,280,216,1,0
97,37,35,4.6,442,634,-60,0
81,79,1,4.8,327,452,-2,0
20,53,21,4.8,324,961,33,1
73,30,31,2.4,388,871,-43,1
86,37,15,3.1,104,458,-49,0
90,63,17,2.1,482,161,-27,0
81,63,4,4.6,146,323,-18,0
30,74,35,3.1,278,456,44,1
27,30,29,3.9,8,422,3,1
73,22,44,4.1,117,646,-51,1
91,66,18,3.3,93,700,-25,0
47,58,22,2.9,433,88,11,0
41,63,33,4.9,143,154,22,0
20,19,12,4.9,288,373,-1,1
54,62,42,2.9,385,842,8,1
98,53,28,3.4,13,463,-45,0
42,56,35,4.9,493,478,14,1
50,62,21,2.0,256,684,12,0
17,83,46,3.2,345,779,66,1
20,55,35,2.3,185,938,35,1
95,22,8,3.5,344,110,-73,0
60,46,38,2.1,399,661,-14,0
97,33,18,3.2,206,356,-64,0
50,11,37,2.7,345,403,-39,0
26,95,5,3.6,430,442,69,1
85,90,46,5.0,171,253,5,0
55,23,14,4.4,463,307,-32,0
41,19,19,4.5,269,535,-22,1
88,44,8,3.9,220,566,-44,0
89,34,31,2.1,151,495,-55,0
63,12,3,2.6,110,758,-51,0
95,26,49,4.8,182,229,-69,0
29,21,17,3.1,398,391,-8,0
42,63,4,2.3,338,182,21,0
83,33,19,4.1,71,492,-50,0
49,38,22,2.9,417,885,-11,1
41,52,10,2.8,385,302,11,0
11,34,36,5.0,282,314,23,1
42,69,21,4.6,73,142,27,0
86,99,3,3.2,354,711,13,0
39,74,28,4.9,214,460,35,1
42,93,43,4.0,496,187,51,1
86,37,33,4.2,327,257,-49,0
35,25,12,2.1,475,686,-10,1
31,56,41,2.4,22,795,25,1
75,90,8,3.9,67,622,15,0
47,67,41,4.7,397,356,20,1
99,85,30,3.9,446,315,-14,0
55,36,6,2.4,372,695,-19,0
24,62,3,2.3,361,367,38,0
53,51,18,4.5,92,162,-2,0
58,68,41,2.4,320,950,10,1
84,56,29,3.6,323,427,-28,0
70,43,30,2.1,383,503,-27,0
76,46,34,2.2,62,240,-30,0
15,15,20,4.0,223,940,0,1
18,16,30,4.1,224,489,-2,1
15,34,18,3.0,368,236,19,0
82,42,30,2.6,345,880,-40,1
41,64,31,4.4,336,416,23,1
50,67,1,2.7,102,138,17,0
85,16,9,3.6,214,236,-69,0
17,66,1,4.9,191,868,49,1
81,21,1,2.4,159,995,-60,0
59,25,23,4.8,371,181,-34,0
71,89,16,2.5,206,921,18,1
93,52,31,3.7,268,684,-41,0
71,86,15,3.1,193,609,15,0
16,16,15,4.9,379,849,0,1
84,60,45,2.8,402,425,-24,0
93,82,38,3.2,151,740,-11,0
89,41,30,4.9,236,741,-48,1
13,84,42,3.6,87,148,71,1
15,17,23,3.5,10,891,2,1
67,96,0,2.8,186,83,29,0
31,98,10,4.1,213,981,67,1
35,81,20,2.0,14,631,46,1
12,54,3,2.1,265,220,42,0
50,95,6,3.8,296,415,45,0
69,68,25,3.0,410,833,-1,1
23,13,46,4.9,443,108,-10,1
84,76,49,4.7,72,230,-8,0
91,38,11,4.1,51,68,-53,0
21,38,30,4.5,127,275,17,1
96,37,16,4.0,27,522,-59,0
21,86,32,2.4,64,144,65,0
22,88,10,4.3,16,930,66,1
34,96,27,2.6,350,346,62,1
54,53,31,3.0,427,642,-1,1
28,99,0,4.5,137,224,71,0
64,13,46,3.6,318,271,-51,0
54,99,27,4.6,228,664,45,1
17,18,41,2.6,253,103,1,0
62,14,6,3.8,476,744,-48,0
64,65,1,2.3,209,912,1,0
41,93,41,3.9,430,452,52,1
60,59,23,4.3,293,367,-1,0
53,84,3,3.8,230,916,31,1
91,24,43,2.8,240,398,-67,0
79,41,18,2.1,69,492,-38,0
27,37,25,2.4,103,882,10,1
92,31,10,3.9,203,629,-61,0
31,26,39,4.8,52,589,-5,1
46,68,49,2.6,461,835,22,1
65,99,42,4.2,427,331,34,1
68,80,10,4.6,374,409,12,0
12,66,44,3.6,329,964,54,1
37,35,2,4.0,53,872,-2,1
83,34,11,4.4,275,680,-49,0
44,19,2,2.8,334,941,-25,1
70,54,41,2.9,30,695,-16,0
63,92,26,2.0,134,690,29,0
72,20,48,4.9,57,57,-52,0
88,86,1,4.8,104,612,-2,0
16,62,48,4.3,265,540,46,1
85,81,15,2.2,9,390,-4,0
58,77,1,3.3,495,521,19,0
94,37,29,2.3,252,842,-57,0
40,84,19,2.0,294,736,44,1
67,74,37,3.8,155,744,7,1
70,58,27,4.9,157,753,-12,1
33,56,24,4.7,36,298,23,1
29,61,31,4.1,118,284,32,1
46,97,9,2.3,66,132,51,0
13,63,41,2.8,241,142,50,0
29,69,39,3.0,298,934,40,1
69,66,32,4.3,462,443,-3,1
33,56,12,4.4,212,873,23,1
59,40,40,3.2,307,317,-19,0
58,55,41,3.3,100,466,-3,0
60,35,46,2.1,55,681,-25,0
45,14,36,2.9,331,632,-31,1
75,93,15,3.4,323,578,18,0
88,61,44,2.4,238,302,-27,0
43,84,21,3.4,392,171,41,0
45,63,19,4.6,230,941,18,1
15,42,49,3.7,361,59,27,1
48,59,42,2.2,380,848,11,1
51,47,26,2.6,91,365,-4,0
67,36,40,3.4,278,887,-31,1
21,24,15,3.1,446,322,3,0
12,70,33,3.1,108,355,58,1
27,30,31,3.6,316,854,3,1
49,55,25,3.8,167,259,6,0
30,78,24,4.4,299,779,48,1
24,15,1,3.0,469,802,-9,1
35,47,11,4.4,407,935,12,1
17,71,39,3.0,434,513,54,1
96,95,8,2.2,441,761,-1,0
51,71,11,3.7,217,777,20,1
53,91,25,3.8,221,766,38,1
23,87,8,4.8,160,974,64,1
87,83,9,4.2,15,465,-4,0
11,55,31,4.8,277,265,44,1
46,22,33,4.7,496,129,-24,0
78,12,47,3.8,56,828,-66,1
47,15,19,3.6,61,529,-32,0
50,17,38,3.7,497,951,-33,1
71,53,1,4.9,362,940,-18,1
69,42,0,4.3,465,596,-27,0
23,90,35,2.3,326,850,67,1
98,84,23,4.3,241,67,-14,0
93,86,26,2.5,89,214,-7,0
11,59,1,3.3,71,574,48,1
79,20,30,2.6,325,251,-59,0
26,37,13,4.1,29,790,11,1
98,79,1,4.6,358,395,-19,0
37,50,28,2.9,406,415,13,0
75,25,14,2.2,287,497,-50,0
44,77,11,2.9,85,562,33,0
14,57,36,4.0,233,368,43,1
74,65,27,3.0,234,266,-9,0
49,73,19,2.8,312,83,24,0
85,68,38,2.6,364,920,-17,1
65,99,23,3.5,264,315,34,0
45,71,20,2.8,286,689,26,1
54,85,9,4.2,326,773,31,1
32,20,45,2.2,392,824,-12,1
56,98,13,4.0,268,873,42,1
40,27,36,2.7,185,129,-13,0
20,28,17,3.5,130,726,8,1
19,96,23,2.9,290,462,77,1
76,64,13,4.2,480,301,-12,0
23,91,33,4.8,276,61,68,1
89,35,11,4.8,319,450,-54,0
83,15,21,3.8,350,865,-68,0
19,13,5,3.4,179,773,-6,1
85,38,35,4.5,289,331,-47,0
10,68,44,4.0,479,161,58,1
14,26,35,2.6,376,772,12,1
29,52,21,4.5,162,427,23,1
17,89,13,3.3,270,800,72,1
52,75,15,2.6,375,317,23,0
85,43,35,2.8,95,966,-42,1
10,17,24,2.8,261,347,7,0
66,22,31,3.6,364,366,-44,0
73,17,32,2.7,468,619,-56,0
93,74,44,2.4,352,558,-19,0
37,52,35,2.4,287,999,15,1
46,48,19,3.7,435,595,2,1
56,90,17,4.2,82,824,34,1
85,68,37,3.0,224,414,-17,0
46,93,2,2.1,411,596,47,0
58,97,22,2.4,222,320,39,0
53,95,31,4.7,468,523,42,1
65,95,44,3.5,117,788,30,1
37,53,15,3.4,481,586,16,1
88,18,4,2.1,191,283,-70,0
15,46,3,4.2,78,108,31,0
70,83,20,3.6,77,300,13,0
29,45,39,2.6,146,896,16,1
87,37,13,2.3,106,135,-50,0
11,51,38,3.2,381,812,40,1
82,52,30,4.5,270,439,-30,0
46,94,13,4.6,389,229,48,1
29,97,5,3.8,243,768,68,1
35,51,11,4.2,72,905,16,1
38,75,15,2.3,356,198,37,0
10,64,16,3.8,467,632,54,1
44,81,44,4.0,353,170,37,1
79,57,22,2.6,421,814,-22,0
68,31,13,4.6,25,654,-37,0
78,36,6,2.6,209,305,-42,0
42,76,45,2.9,91,815,34,1
60,22,31,3.9,124,913,-38,1
87,54,14,3.9,434,849,-33,1
21,19,43,4.1,72,358,-2,1
29,18,16,2.3,479,108,-11,0
62,63,40,4.5,122,118,1,0
97,36,46,3.6,308,495,-61,0
52,43,43,3.4,183,437,-9,0
98,10,33,4.9,186,135,-88,0
59,41,4,4.2,197,835,-18,1
38,98,44,2.4,77,276,60,0
66,80,26,4.3,347,642,14,1
48,76,22,2.3,185,675,28,1
65,93,39,2.1,343,233,28,0
52,29,13,3.2,252,841,-23,1
59,44,14,5.0,12,371,-15,0
32,99,42,2.5,298,958,67,1
53,87,32,4.0,75,367,34,0
